-- MySQL dump 10.16  Distrib 10.2.29-MariaDB, for Linux (x86_64)
--
-- Host: localhost    Database: permisos
-- ------------------------------------------------------
-- Server version	10.2.29-MariaDB

/*!40101 SET @OLD_CHARACTER_SET_CLIENT=@@CHARACTER_SET_CLIENT */;
/*!40101 SET @OLD_CHARACTER_SET_RESULTS=@@CHARACTER_SET_RESULTS */;
/*!40101 SET @OLD_COLLATION_CONNECTION=@@COLLATION_CONNECTION */;
/*!40101 SET NAMES utf8 */;
/*!40103 SET @OLD_TIME_ZONE=@@TIME_ZONE */;
/*!40103 SET TIME_ZONE='+00:00' */;
/*!40014 SET @OLD_UNIQUE_CHECKS=@@UNIQUE_CHECKS, UNIQUE_CHECKS=0 */;
/*!40014 SET @OLD_FOREIGN_KEY_CHECKS=@@FOREIGN_KEY_CHECKS, FOREIGN_KEY_CHECKS=0 */;
/*!40101 SET @OLD_SQL_MODE=@@SQL_MODE, SQL_MODE='NO_AUTO_VALUE_ON_ZERO' */;
/*!40111 SET @OLD_SQL_NOTES=@@SQL_NOTES, SQL_NOTES=0 */;

--
-- Current Database: `permisos`
--

CREATE DATABASE /*!32312 IF NOT EXISTS*/ `permisos_agc` /*!40100 DEFAULT CHARACTER SET utf8mb4 COLLATE utf8mb4_unicode_ci */;

USE `permisos_agc`;

--
-- Table structure for table `department`
--

DROP TABLE IF EXISTS `department`;
/*!40101 SET @saved_cs_client     = @@character_set_client */;
/*!40101 SET character_set_client = utf8 */;
CREATE TABLE `department` (
  `id` int(11) NOT NULL,
  `shortName` varchar(15) COLLATE utf8mb4_unicode_ci NOT NULL,
  `type` varchar(100) COLLATE utf8mb4_unicode_ci NOT NULL,
  `active` varchar(11) COLLATE utf8mb4_unicode_ci NOT NULL,
  PRIMARY KEY (`id`)
) ENGINE=InnoDB DEFAULT CHARSET=utf8mb4 COLLATE=utf8mb4_unicode_ci;
/*!40101 SET character_set_client = @saved_cs_client */;

--
-- Dumping data for table `department`
--

LOCK TABLES `department` WRITE;
/*!40000 ALTER TABLE `department` DISABLE KEYS */;
INSERT INTO `department` VALUES (0,'UPC','CENTRE','no'),(1,'SP','SERVEI','no'),(2,'SE','SERVEI','no'),(3,'SOM','SERVEI','no'),(7,'SGA','SERVEI','no'),(8,'OD','CENTRE','no'),(9,'CITIES','DEPARTAMENT','no'),(10,'UD','SERVEI','no'),(11,'UTEE','SERVEI','no'),(12,'R','SERVEI','no'),(13,'G','SERVEI','no'),(17,'PRISMA','CENTRE','no'),(20,'OF','SERVEI','no'),(21,'OS','SERVEI','no'),(22,'CTT - OTRDI','SERVEI','no'),(23,'OEEES','SERVEI','no'),(24,'OSIO','SERVEI','no'),(25,'SSI','SERVEI','no'),(26,'SSG','SERVEI','no'),(27,'OAE','SERVEI','no'),(28,'UDKIC','SERVEI','no'),(29,'GIC','CENTRE','no'),(30,'GS UPC ALU','SERVEI','no'),(33,'SPA','SERVEI','no'),(34,'OPCP','SERVEI','no'),(38,'GJE','SERVEI','no'),(40,'LCCN','SERVEI','no'),(41,'SC','SERVEI','no'),(42,'SSICE','SERVEI','no'),(43,'SDDSTIC','SERVEI','no'),(44,'SSTICI','CENTRE','no'),(45,'GPTICE','SERVEI','no'),(50,'ASU','SERVEI','no'),(51,'SDO','SERVEI','no'),(52,'GPAQ','SERVEI','no'),(53,'APO','SERVEI','no'),(54,'GR','SERVEI','no'),(55,'VDSRU','SERVEI','no'),(56,'ART/CTT','SERVEI','no'),(57,'AES','SERVEI','no'),(58,'AMCP','SERVEI','no'),(59,'GQG','SERVEI','no'),(60,'AA','SERVEI','no'),(61,'AREATIC','CENTRE','no'),(62,'AO','SERVEI','no'),(63,'ASJ','CENTRE','no'),(69,'APQPT','SERVEI','no'),(70,'AI','SERVEI','no'),(101,'SCG','SERVEI','no'),(102,'SI','SERVEI','no'),(110,'SG','SERVEI','no'),(111,'GRI','SERVEI','no'),(112,'OPOOCPAAU','SERVEI','no'),(115,'JCP','SERVEI','no'),(118,'INNOVA','SERVEI','no'),(119,'PUPC21','DEPARTAMENT','no'),(120,'GCS','ÒRGANS DE GOVERN','no'),(121,'AAUPC','ENS AMB PERSONALITAT PRÒPIA','no'),(122,'CUDU','CÀTEDRES','no'),(123,'CUMNE','CÀTEDRES','no'),(124,'CUS','DEPARTAMENT','no'),(125,'CUTC','CÀTEDRES','no'),(126,'CUSVD','CÀTEDRES','no'),(127,'UBUNTU','ENS AMB PERSONALITAT PRÒPIA','no'),(128,'GUNI','SERVEI','no'),(131,'SGI','SERVEI','no'),(132,'GPE','SERVEI','no'),(133,'CTT SGE','SERVEI','no'),(136,'CTT SP','SERVEI','no'),(138,'CTT - UASLR','SERVEI','no'),(140,'cde','ÒRGANS DE GOVERN','no'),(142,'UUA','SERVEI','no'),(145,'PARC UPC','SERVEI','no'),(150,'CTT','SERVEI','no'),(151,'OPL','SERVEI','no'),(152,'SSRI','SERVEI','no'),(153,'SGCRI','SERVEI','no'),(160,'CCN','SERVEI','no'),(162,'CFIS','CENTRE','no'),(164,'ED','CENTRE','no'),(170,'UGSCCT','SERVEI','no'),(171,'UTGAC','SERVEI','no'),(172,'UTGAN','SERVEI','no'),(173,'UTGAM','CENTRE','no'),(181,'UTGBL','CENTRE','no'),(182,'UTGVG','SERVEI','no'),(183,'UTGAB','CENTRE','no'),(184,'UTGM','SERVEI','no'),(185,'UTGASC','SERVEI','no'),(186,'UGS ICE-IS','SERVEI','no'),(187,'UGD MAIV-E','SERVEI','no'),(188,'UTGAEIB','SERVEI','yes'),(189,'UTGAE','SERVEI','no'),(190,'CEIB','CENTRE','no'),(192,'UTGCT','CENTRE','no'),(193,'UTGAOO','CENTRE','no'),(194,'UTGCDB','SERVEI','no'),(195,'UTGCNTIC','CENTRE','no'),(200,'FME','CENTRE','no'),(205,'ESEIAAT','CENTRE','no'),(210,'ETSAB','CENTRE','no'),(211,'ETSABP','SERVEI','no'),(220,'ETSEIAT','CENTRE','no'),(230,'ETSETB','CENTRE','no'),(240,'ETSEIB','CENTRE','no'),(250,'ETSECCPB','CENTRE','no'),(270,'FIB','CENTRE','no'),(280,'FNB','CENTRE','no'),(290,'ETSAV','CENTRE','no'),(295,'EEBE','CENTRE','no'),(300,'EETAC','CENTRE','no'),(310,'EPSEB','CENTRE','no'),(320,'EET','CENTRE','no'),(330,'EPSEM','CENTRE','no'),(340,'EPSEVG','CENTRE','no'),(370,'FOOT','CENTRE','no'),(390,'ESAB','CENTRE','no'),(410,'ICE','INSTITUT UNIVERSITARI','no'),(420,'INTEXTER','DEPARTAMENT','no'),(440,'IOC','DEPARTAMENT','no'),(450,'ITEMA','INSTITUT UNIVERSITARI','no'),(460,'INTE','DEPARTAMENT','no'),(470,'CRCEMB','CENTRE RECERCA','no'),(480,'IS.UPC','INSTITUT UNIVERSITARI','no'),(510,'SI','SERVEI','no'),(520,'BUPC','SERVEI','no'),(540,'BGF','SERVEI','no'),(546,'SPRL','SERVEI','no'),(551,'UGDSI','DEPARTAMENT','no'),(555,'TEMPORAL','SERVEI','no'),(579,'LAB','CENTRE','no'),(580,'CUV','CENTRE RECERCA','no'),(581,'LCMA','CENTRE RECERCA','no'),(611,'SCP','SERVEI','no'),(620,'UPCESPORTS','SERVEI','no'),(635,'IDEAI-UPC','CENTRE RECERCA','no'),(636,'SSR','CENTRE RECERCA','no'),(640,'SLT','SERVEI','no'),(642,'EDUPC','ENS AMB PERSONALITAT PRÒPIA','no'),(644,'IDP','SERVEI','no'),(650,'CG','CÀTEDRES','no'),(651,'CATAPPLUS','CÀTEDRES','no'),(653,'CERIEN','CÀTEDRES','no'),(654,'CTELEFONICA','CÀTEDRES','no'),(655,'CABERIS','CÀTEDRES','no'),(660,'CJGINGENIEROS','CÀTEDRES','no'),(662,'CCERCLE','CÀTEDRES','no'),(665,'CPL','CÀTEDRES','no'),(666,'CATAC','CÀTEDRES','no'),(668,'CKLOKNER','CÀTEDRES','no'),(669,'CIBERPOTASH','CÀTEDRES','no'),(670,'OMC','SERVEI','no'),(671,'CGIRBAU','CÀTEDRES','no'),(672,'CA3','CÀTEDRES','no'),(673,'CSEAT','CÀTEDRES','no'),(674,'CMXBCOM','CÀTEDRES','no'),(675,'CMECALUX','CÀTEDRES','no'),(701,'AC','DEPARTAMENT','no'),(702,'CMEM','DEPARTAMENT','no'),(703,'CA','DEPARTAMENT','no'),(704,'CA I','DEPARTAMENT','no'),(705,'CA II','DEPARTAMENT','no'),(706,'EC','DEPARTAMENT','no'),(707,'ESAII','DEPARTAMENT','yes'),(708,'ETCG','DEPARTAMENT','no'),(709,'EE','DEPARTAMENT','no'),(710,'EEL','DEPARTAMENT','no'),(711,'EHMA','DEPARTAMENT','no'),(712,'EM','DEPARTAMENT','no'),(713,'EQ','DEPARTAMENT','no'),(714,'ETP','DEPARTAMENT','no'),(715,'EIO','DEPARTAMENT','no'),(716,'EA','DEPARTAMENT','no'),(717,'EGE','DEPARTAMENT','yes'),(718,'EGA I','DEPARTAMENT','no'),(719,'EGA II','DEPARTAMENT','no'),(720,'FA','DEPARTAMENT','no'),(721,'FEN','DEPARTAMENT','no'),(722,'ITT','DEPARTAMENT','no'),(723,'CS','DEPARTAMENT','no'),(724,'MMT','DEPARTAMENT','no'),(725,'MA I','DEPARTAMENT','no'),(726,'MA II','DEPARTAMENT','no'),(727,'MA III','DEPARTAMENT','no'),(728,'MAITE','DEPARTAMENT','no'),(729,'MF','DEPARTAMENT','no'),(731,'OO','DEPARTAMENT','no'),(732,'OE','DEPARTAMENT','no'),(735,'PA','DEPARTAMENT','no'),(736,'PE','DEPARTAMENT','no'),(737,'RMEE','DEPARTAMENT','no'),(739,'TSC','DEPARTAMENT','no'),(740,'UOT','DEPARTAMENT','no'),(741,'EMRN','DEPARTAMENT','no'),(742,'CEN','DEPARTAMENT','no'),(743,'MA IV','DEPARTAMENT','no'),(744,'ENTEL','DEPARTAMENT','no'),(745,'EAB','DEPARTAMENT','no'),(746,'DIPSE','DEPARTAMENT','no'),(747,'ESSI','DEPARTAMENT','no'),(748,'FIS','DEPARTAMENT','no'),(749,'MAT','DEPARTAMENT','no'),(750,'EMIT','DEPARTAMENT','no'),(751,'DECA','DEPARTAMENT','no'),(752,'RA','DEPARTAMENT','no'),(753,'TA','DEPARTAMENT','no'),(756,'THATC','DEPARTAMENT','no'),(758,'EPC','DEPARTAMENT','no'),(801,'EUNCET','CENTRE','no'),(802,'EAE','CENTRE','no'),(804,'CITM','CENTRE','no'),(805,'CUSP','CENTRE','no'),(820,'EUETIB','CENTRE','no'),(840,'EUPMT','CENTRE','no'),(860,'EEI','CENTRE','no'),(870,'EUETTPC','CENTRE','no'),(893,'ICFO','CENTRE RECERCA','no'),(894,'inlab','CENTRE','no'),(901,'CIM','CENTRE RECERCA','no'),(902,'CIMNE','CENTRE RECERCA','no'),(903,'CCD','CENTRE RECERCA','no'),(904,'CESCA','CENTRE RECERCA','no'),(905,'CEPBA','CENTRE RECERCA','no'),(909,'LIM','CENTRE RECERCA','no'),(910,'LCEM','CENTRE RECERCA','no'),(914,'CPSV','CENTRE','no'),(915,'IRI','CENTRE','no'),(916,'CCABA','CENTRE','no'),(918,'CREB','CENTRE','no'),(919,'FPC','ENS AMB PERSONALITAT PRÒPIA','no'),(920,'UNIFF','SERVEI','no'),(921,'CANET','CENTRE RECERCA','no'),(922,'CD6','CENTRE','no'),(923,'CELSEM','CENTRE RECERCA','no'),(925,'CPA','SERVEI','no'),(926,'CTM','CENTRE RECERCA','no'),(927,'CTALP','CENTRE RECERCA','no'),(928,'CTTC-UPC','CENTRE','no'),(929,'CDEI','CENTRE','no'),(930,'CTVG','CENTRE','no'),(938,'CDALTS','CENTRE RECERCA','no'),(941,'CIEFMA','CENTRE RECERCA','no'),(945,'SARTI','CENTRE RECERCA','no'),(946,'CITCEA','CENTRE RECERCA','no'),(950,'LAM','CENTRE RECERCA','no'),(952,'CRAHI','CENTRE','no'),(953,'LEAM','CENTRE RECERCA','no'),(956,'CRESCA','CENTRE','no'),(964,'CRIT','CENTRE RECERCA','no'),(968,'BSC','CENTRE RECERCA','no'),(969,'CETPD-UPC','SERVEI','no'),(970,'PERC-UPC','CENTRE RECERCA','no'),(971,'MCIA','CENTRE RECERCA','no'),(972,'LITEM','CENTRE RECERCA','no'),(973,'CERPIE-UPC','CENTRE RECERCA','no'),(974,'CER-LACÀN-UPC','CENTRE','no'),(975,'SEER','CENTRE RECERCA','no'),(976,'CIT-UPC','ENS AMB PERSONALITAT PRÒPIA','no'),(977,'FLUMEN','INSTITUT UNIVERSITARI','no'),(978,'HTT','INSTITUT UNIVERSITARI','no'),(979,'DAMA-UPC','CENTRE','no'),(980,'CREDA','CENTRE RECERCA','no'),(981,'CRM','CENTRE','no'),(982,'CETAQUA','CENTRE RECERCA','no'),(983,'IMAT','CENTRE RECERCA','no'),(984,'CTTC','CENTRE RECERCA','no'),(985,'UPC-IRTA','CENTRE RECERCA','no'),(986,'FTCM','ENS AMB PERSONALITAT PRÒPIA','no'),(987,'GIRO','CENTRE RECERCA','no'),(988,'IREC','CENTRE','no'),(989,'FMA','ENS AMB PERSONALITAT PRÒPIA','no'),(990,'CTAE','CENTRE RECERCA','no'),(995,'CTTI','CENTRE RECERCA','no'),(996,'ICAEN','INSTITUT UNIVERSITARI','no'),(997,'PENDENTS','SERVEI','no'),(998,'ICT','INSTITUT UNIVERSITARI','no'),(999,'ALTRES','SERVEI','no'),(1004,'UB','CENTRE','no'),(1022,'UAB','CENTRE','no'),(1039,'UPF','CENTRE','no'),(1042,'URV','CENTRE','no'),(1043,'UDG','CENTRE','no'),(2101,'PAISATGISME','DEPARTAMENT','no'),(4017,'BECARI','SERVEI','no'),(8404,'ETIE','DEPARTAMENT','no'),(8405,'ETTT','DEPARTAMENT','no'),(8406,'ETIG','DEPARTAMENT','no'),(8407,'GMA','DEPARTAMENT','no'),(10041,'UB-FQ','CENTRE','no'),(99999,'UNI ESTRANG','DEPARTAMENT','no');
/*!40000 ALTER TABLE `department` ENABLE KEYS */;
UNLOCK TABLES;

--
-- Table structure for table `department_translation`
--

DROP TABLE IF EXISTS `department_translation`;
/*!40101 SET @saved_cs_client     = @@character_set_client */;
/*!40101 SET character_set_client = utf8 */;
CREATE TABLE `department_translation` (
  `id` int(11) NOT NULL AUTO_INCREMENT,
  `translatable_id` int(11) DEFAULT NULL,
  `name` varchar(255) COLLATE utf8mb4_unicode_ci NOT NULL,
  `locale` varchar(255) COLLATE utf8mb4_unicode_ci NOT NULL,
  PRIMARY KEY (`id`),
  UNIQUE KEY `department_translation_unique_translation` (`translatable_id`,`locale`),
  KEY `IDX_1D47E2302C2AC5D3` (`translatable_id`),
  CONSTRAINT `FK_1D47E2302C2AC5D3` FOREIGN KEY (`translatable_id`) REFERENCES `department` (`id`) ON DELETE CASCADE
) ENGINE=InnoDB AUTO_INCREMENT=871 DEFAULT CHARSET=utf8mb4 COLLATE=utf8mb4_unicode_ci;
/*!40101 SET character_set_client = @saved_cs_client */;

--
-- Dumping data for table `department_translation`
--

LOCK TABLES `department_translation` WRITE;
/*!40000 ALTER TABLE `department_translation` DISABLE KEYS */;
INSERT INTO `department_translation` VALUES (1,118,'Programa INNOVA','ca'),(2,118,'(CAS)Programa INNOVA','es'),(3,118,'(ENG)Programa INNOVA','en'),(4,12,'Rectorat','ca'),(5,12,'Rectorat','es'),(6,12,'Rectorat','en'),(7,58,'Àrea de Mitjans de Comunicació i Promoció','ca'),(8,58,'(CAS)Àrea de Societat i Territori','es'),(9,58,'(ENG)Àrea de Societat i Territori','en'),(10,38,'Gabinet Jurídic i Entitats','ca'),(11,38,'Gabinete Jurídico y Entidades','es'),(12,38,'Legal Bureau','en'),(13,13,'Gerència','ca'),(14,13,'Gerencia','es'),(15,13,'Office of the General Manager','en'),(16,0,'Universitat Politècnica de Catalunya','ca'),(17,0,'Universitat Politècnica de Catalunya','es'),(18,0,'Universitat Politècnica de Catalunya','en'),(19,54,'Gabinet del Rector','ca'),(20,54,'Gabinete del Rector','es'),(21,54,'Gabinet del Rector','en'),(22,182,'Unitat Transversal de Gestió de Vilanova i la Geltrú','ca'),(23,182,'Unidad Transversal de Gestión de Vilanova i la Geltrú','es'),(24,182,'Vilanova i la Geltrú Management and Support Unit','en'),(25,930,'Centre Tecnològic de Vilanova i la Geltrú','ca'),(26,930,'Centro Tecnológico de Vilanova i la Geltrú ','es'),(27,930,'Technological Center of Vilanova i la Geltrú ','en'),(28,579,'Laboratori d\'Aplicacions Bioacústiques','ca'),(29,579,'Laboratorio de Aplicaciones Bioacústicas','es'),(30,579,'Laboratory of Applied Bioacoustics','en'),(31,745,'Departament d\'Enginyeria Agroalimentària i Biotecnologia','ca'),(32,745,'Departamento de Ingeniería Agroalimentaria y Biotecnología','es'),(33,745,'Department of Agri-Food Engineering and Biotechnology','en'),(34,128,'Global University Network For Innovation','ca'),(35,128,'Global University Network For Innovation','es'),(36,128,'Global University Network For Innovation','en'),(37,640,'Servei de Llengües i Terminologia','ca'),(38,640,'Servicio de Lenguas y Terminología','es'),(39,640,'Language and Terminology Service','en'),(40,520,'Servei de Biblioteques, Publicacions i Arxius','ca'),(41,520,'Servicio de Bibliotecas, Publicaciones y Archivos','es'),(42,520,'Libraries, Publications and Archives Service','en'),(43,968,'Barcelona Supercomputing Center-Centro Nacional de Supercomputación','ca'),(44,968,'Barcelona Supercomputing Center-Centro Nacional de Supercomputación','es'),(45,968,'Barcelona Supercomputing Center-Centro Nacional de Supercomputación','en'),(46,50,'Àrea de Serveis Universitaris','ca'),(47,50,'(CAS) pendent','es'),(48,50,'(ANG) pendent','en'),(49,470,'Centre de Recerca en Ciència i Enginyeria Multiescala de Barcelona','ca'),(50,470,'Centre de Recerca en Ciència i Enginyeria Multiescala de Barcelona','es'),(51,470,'Centre de Recerca en Ciència i Enginyeria Multiescala de Barcelona','en'),(52,729,'Departament de Mecànica de Fluids','ca'),(53,729,'Departamento de Mecánica de Fluidos','es'),(54,729,'Department of Fluid Mechanics','en'),(55,712,'Departament d\'Enginyeria Mecànica','ca'),(56,712,'Departamento de Ingeniería Mecánica','es'),(57,712,'Department of Mechanical Engineering','en'),(58,702,'Departament de Ciència dels Materials i Enginyeria Metal·lúrgica','ca'),(59,702,'Departamento de Ciencia de los Materiales e Ingeniería Metalúrgica','es'),(60,702,'Department of Materials Science and Metallurgy','en'),(61,651,'Càtedra Applus+ en Seguretat de l\'Automòbil','ca'),(62,651,'Cátedra Applus+ en Seguridad del Automóvil','es'),(63,651,'Applus+ Automobile Safety Chair','en'),(64,713,'Departament d\'Enginyeria Química','ca'),(65,713,'Departamento de Ingeniería Química','es'),(66,713,'Department of Chemical Engineering','en'),(67,240,'Escola Tècnica Superior d\'Enginyeria Industrial de Barcelona','ca'),(68,240,'Escuela Técnica Superior de Ingeniería Industrial de Barcelona','es'),(69,240,'Barcelona School of Industrial Engineering','en'),(70,188,'Unitat Transversal de Gestió de l\'Àmbit Enginyeria Industrial de Barcelona','ca'),(71,188,'Unidad Transversal de Gestión del Ámbito Ingeniería Industrial de Barcelona','es'),(72,188,'Unitat Tècnica de Gestió de l\'Àmbit Enginyeria Industrial de Barcelona','en'),(73,952,'Grup de Recerca Aplicada en Hidrometeorologia','ca'),(74,952,'Centro de Investigación Aplicada en Hidrometeorología','es'),(75,952,'Center of Applied Research in Hydrometeorology','en'),(76,710,'Departament d\'Enginyeria Electrònica','ca'),(77,710,'Departamento de Ingeniería Electrónica','es'),(78,710,'Department of Electronic Engineering','en'),(79,749,'Departament de Matemàtiques','ca'),(80,749,'Departamento de Matemáticas','es'),(81,749,'Department of Mathematics','en'),(82,162,'Centre de Formació Interdisciplinària Superior','ca'),(83,162,'Centro de Formación Interdisciplinaria Superior','es'),(84,162,'Interdisciplinary Higher Education Centre','en'),(85,707,'Departament d\'Enginyeria de Sistemes, Automàtica i Informàtica Industrial','ca'),(86,707,'Departamento de Ingeniería de Sistemas, Automática e Informática Industrial','es'),(87,707,'Department of Automatic Control','en'),(88,200,'Facultat de Matemàtiques i Estadística','ca'),(89,200,'Facultad de Matemáticas y Estadística','es'),(90,200,'School of Mathematics and Statistics','en'),(91,929,'Centre de Disseny d\'Equips Industrials','ca'),(92,929,'Centro de Diseño de Equipos Industriales','es'),(93,929,'Centrer for Industrial Equipment Design','en'),(94,915,'Institut de Robòtica i Informàtica Industrial','ca'),(95,915,'Instituto de Robótica e Informática Industrial','es'),(96,915,'Institute of Robotics and Industrial Informatics','en'),(97,230,'Escola Tècnica Superior d\'Enginyeria de Telecomunicació de Barcelona','ca'),(98,230,'Escuela Técnica Superior de Ingeniería de Telecomunicación de Barcelona','es'),(99,230,'Barcelona School of Telecommunications Engineering','en'),(100,751,'Departament d\'Enginyeria Civil i Ambiental','ca'),(101,751,'Departamento de Ingeniería Civil y Ambiental','es'),(102,751,'Department of Civil and Environmental Engineering','en'),(103,480,'Institut Universitari de Recerca en Ciència i Tecnologies de la Sostenibilitat','ca'),(104,480,'Instituto Universitario de Investigación en Ciencia y Tecnologías de la Sostenibilidad','es'),(105,480,'University Research Institute for Sustainability Science and Technology','en'),(106,727,'Departament de Matemàtica Aplicada III','ca'),(107,727,'Departamento de Matemática Aplicada III','es'),(108,727,'Department of Applied Mathematics III','en'),(109,250,'Escola Tècnica Superior d\'Enginyers de Camins, Canals i Ports de Barcelona','ca'),(110,250,'Escuela Técnica Superior de Ingenieros de Caminos, Canales y Puertos de Barcelona','es'),(111,250,'Barcelona School of Civil Engineering','en'),(112,171,'Unitat Transversal de Gestió de l\'àmbit de Camins','ca'),(113,171,'UTG del ámbito de Caminos','es'),(114,171,'UTG del ámbito de Caminos','en'),(115,320,'Escola d\'Enginyeria de Terrassa','ca'),(116,320,'Escuela de Ingeniería de Terrassa','es'),(117,320,'Terrassa School of Engineering','en'),(118,956,'Centre de Recerca en Seguretat i Control Alimentari','ca'),(119,956,'Centro de Investigación en Seguridad y Control Alimentario','es'),(120,956,'(ENG)Centre de Recerca en Seguretat i Control Alimentari','en'),(121,722,'Departament d\'Infraestructura del Transport i del Territori','ca'),(122,722,'Departamento de Infraestructura del Transporte y del Territorio','es'),(123,722,' Department of Transport and Regional Planning','en'),(124,748,'Departament de Física','ca'),(125,748,'Departamento de Física','es'),(126,748,'Department of Physics','en'),(127,721,'Departament de Física i Enginyeria Nuclear','ca'),(128,721,'Departamento de Física e Ingeniería Nuclear','es'),(129,721,'Department of Physics and Nuclear Engineering','en'),(130,40,'Laboratoris Comuns del Campus Nord','ca'),(131,40,'(CAS)Laboratoris Comuns del Campus Nord','es'),(132,40,'(ENG)Laboratoris Comuns del Campus Nord','en'),(133,140,'Consell de l\'Estudiantat','ca'),(134,140,'Consell de l\'Estudiantat','es'),(135,140,'Consell de l\'Estudiantat','en'),(136,711,'Departament d\'Enginyeria Hidràulica, Marítima i Ambiental','ca'),(137,711,'Departamento de Ingeniería Hidráulica, Marítima y Ambiental','es'),(138,711,'Department of Hydraulic, Maritime and Environmental Engineering','en'),(139,909,'Laboratori d\'Enginyeria Marítima','ca'),(140,909,'(CAS)Laboratori d\'Enginyeria Marítima','es'),(141,909,'(ENG)Laboratori d\'Enginyeria Marítima','en'),(142,708,'Departament d\'Enginyeria del Terreny, Cartogràfica i Geofísica','ca'),(143,708,'Departamento de Ingeniería del Terreno, Cartográfica y Geofísica','es'),(144,708,'Department of Geotechnical Engineering and Geo-Sciences','en'),(145,739,'Departament de Teoria del Senyal i Comunicacions','ca'),(146,739,'Departamento de Teoría de la Señal y Comunicaciones','es'),(147,739,'Department of Signal Theory and Communications','en'),(148,916,'Centre de Comunicacions Avançades de Banda Ampla','ca'),(149,916,'Centro de Comunicaciones Avanzadas de Banda Ancha','es'),(150,916,'Advanced Broadband Communications Center','en'),(151,701,'Departament d\'Arquitectura de Computadors','ca'),(152,701,'Departamento de Arquitectura de Computadores','es'),(153,701,'Department of Computer Architecture','en'),(154,737,'Departament de Resistència de Materials i Estructures a l\'Enginyeria','ca'),(155,737,'Departamento de Resistencia de Materiales y Estructuras en la Ingeniería','es'),(156,737,'Department of Strength of Materials and Structural Engineering','en'),(157,706,'Departament d\'Enginyeria de la Construcció','ca'),(158,706,'Departamento de Ingeniería de la Construcción','es'),(159,706,'Department of Construction Engineering','en'),(160,902,'Centre Internacional de Mètodes Numèrics en Enginyeria','ca'),(161,902,'Centro Internacional de Métodos Numéricos en Ingeniería','es'),(162,902,'International Center for Numerical Methods in Engineering','en'),(163,901,'Laboratori de Fabricació Flexible Integrada per Ordinador','ca'),(164,901,'(CAS)Laboratori de Fabricació Flexible Integrada per Ordinador','es'),(165,901,'(ENG)Laboratori de Fabricació Flexible Integrada per Ordinador','en'),(166,195,'UTG àmbit TIC Campus Nord','ca'),(167,195,'UTG àmbit TIC Campus Nord','es'),(168,195,'UTG àmbit TIC Campus Nord','en'),(169,620,'Servei d\'Esports','ca'),(170,620,'Servicio de Deportes','es'),(171,620,'Sports Service','en'),(172,744,'Departament d\'Enginyeria Telemàtica','ca'),(173,744,'Departamento de Ingeniería Telemática','es'),(174,744,'Department of Network Engineering','en'),(175,743,'Departament de Matemàtica Aplicada IV','ca'),(176,743,'Departamento de Matemática Aplicada IV','es'),(177,743,'Department of Applied Mathematics IV','en'),(178,728,'Matemàtica Aplicada IV i Enginyeria Telemàtica','ca'),(179,728,'Matemática Aplicada IV e Ingeniería Telemática','es'),(180,728,'MA4-ENTEL','en'),(181,187,'Unitat de Gestió dels Departaments MAIV-ET','ca'),(182,187,'(CAS) pendent','es'),(183,187,'(ANG) pendent','en'),(184,715,'Departament d\'Estadística i Investigació Operativa','ca'),(185,715,'Departamento de Estadística e Investigación Operativa','es'),(186,715,'Department of Statistics and Operations Research','en'),(187,758,'Departament d\'Enginyeria de Projectes i de la Construcció','ca'),(188,758,'Departamento de Ingeniería de Proyectos y de la Construcción','es'),(189,758,'Department of Project and Construction Engineering','en'),(190,973,'C.E.recerca i Des. Millora Innovació Empreses','ca'),(191,973,'(CAS) pendent','es'),(192,973,'(ANG) pendent','en'),(193,732,'Departament d\'Organització d\'Empreses','ca'),(194,732,'Departamento de Organización de Empresas','es'),(195,732,'Department of Management','en'),(196,736,'Departament de Projectes d\'Enginyeria','ca'),(197,736,'Departamento de Proyectos en la Ingeniería','es'),(198,736,'Department of Engineering Design','en'),(199,725,'Departament de Matemàtica Aplicada I','ca'),(200,725,'Departamento de Matemática Aplicada I','es'),(201,725,'Department of Applied Mathematics I','en'),(202,910,'Laboratori Comú d\'Enginyeria Mecànica','ca'),(203,910,'(CAS)Laboratori Comú d\'Enginyeria Mecànica','es'),(204,910,'(ENG)Laboratori Comú d\'Enginyeria Mecànica','en'),(205,460,'Institut de Tècniques Energètiques','ca'),(206,460,'Instituto de Técnicas Energéticas','es'),(207,460,'Institute of Energy Technologies','en'),(208,440,'Institut d\'Organització i Control de Sistemes Industrials','ca'),(209,440,'Instituto de Organización y Control de Sistemas Industriales','es'),(210,440,'Institute of Industrial and Control Engineering','en'),(211,540,'Biblioteca Rector Gabriel Ferraté','ca'),(212,540,'(CAS)Biblioteca Rector Gabriel Ferraté','es'),(213,540,'(ENG)Biblioteca Rector Gabriel Ferraté','en'),(214,709,'Departament d\'Enginyeria Elèctrica','ca'),(215,709,'Departamento de Ingeniería Eléctrica','es'),(216,709,'Department of Electrical Engineering','en'),(217,181,'Unitat Transversal de Gestió del Campus del Baix Llobregat','ca'),(218,181,'Unidad Transversal de Gestión del Campus del Baix Llobregat','es'),(219,181,'Baix Llobregat Campus Management and Support Unit','en'),(220,642,'Edicions UPC','ca'),(221,642,'(CAS)Edicions UPC','es'),(222,642,'(ENG)Edicions UPC','en'),(223,750,'Departament d\'Enginyeria Minera, Industrial i TIC','ca'),(224,750,'Departamento de Ingeniería Minera, Industrial y TIC','es'),(225,750,'Department of Mining, Industrial and ICT Engineering','en'),(226,741,'Departament d\'Enginyeria Minera i Recursos Naturals','ca'),(227,741,'Departamento de Ingeniería Minera y Recursos Naturales','es'),(228,741,'Department of Mining Engineering and Natural Resources','en'),(229,330,'Escola Politècnica Superior d\'Enginyeria de Manresa','ca'),(230,330,'Escuela Politécnica Superior de Ingeniería de Manresa','es'),(231,330,'Manresa School of Engineering','en'),(232,746,'Departament d\'Enginyeria de Disseny i Programació de Sistemes Electrònics','ca'),(233,746,'Departamento de Ingeniería de Diseño y Programación de Sistemas Electrónicos','es'),(234,746,'Department of Electronic System Design and Programming Engineering','en'),(235,184,'Unitat Transversal de Gestió del Campus de Manresa','ca'),(236,184,'Unidad Transversal de Gestión del Campus de Manresa','es'),(237,184,'Unitat Transversal de Gestió del Campus de Manresa','en'),(238,370,'Facultat d\'Òptica i Optometria de Terrassa','ca'),(239,370,'Facultad de Óptica y Optometría de Terrassa','es'),(240,370,'Terrassa School of Optics and Optometry','en'),(241,731,'Departament d\'Òptica i Optometria','ca'),(242,731,'Departamento de Óptica y Optometría','es'),(243,731,'Department of Optics and Optometry','en'),(244,717,'Departament d\'Expressió Gràfica a l\'Enginyeria','ca'),(245,717,'Departamento de Expresión Gráfica en la Ingeniería','es'),(246,717,' Department of Engineering Presentation','en'),(247,714,'Departament d\'Enginyeria Tèxtil i Paperera','ca'),(248,714,'Departamento de Ingeniería Textil y Papelera','es'),(249,714,'Department of Textile and Paper Engineering','en'),(250,220,'Escola Superior d\'Enginyeries Industrial i Aeronàutica de Terrassa','ca'),(251,220,'Escuela Superior de Ingenierías Industrial y Aeronáutica de Terrassa','es'),(252,220,'Terrassa School of Industrial and Aeronautical Engineering','en'),(253,801,'Centre Universitari Euncet','ca'),(254,801,'Centro Universitario Euncet Business School','es'),(255,801,'Euncet University Business School','en'),(256,635,'Intelligent Data Science and Artificial Intelligence','ca'),(257,635,'Intelligent Data Science and Artificial Intelligence','es'),(258,635,'Intelligent Data Science and Artificial Intelligence','en'),(259,28,'UNITAT DE DESENVOLUPAMENT KIC','ca'),(260,28,'(CAS) pendent','es'),(261,28,'(ANG) pendent','en'),(262,804,'Centre de la Imatge i Tecnologia Multimèdia','ca'),(263,804,'Centro de la Imagen y la Tecnología Multimedia','es'),(264,804,'Image Processing and Multimedia Technology Centre','en'),(265,820,'Escola Universitària d\'Enginyeria Tècnica Industrial de Barcelona','ca'),(266,820,'Escuela de Ingeniería de Barcelona Este (EEBE)','es'),(267,820,'Barcelona East School of Engineering (EEBE)','en'),(268,190,'Consorci Escola Industrial de Barcelona','ca'),(269,190,'(CAS)Consorci Escola Industrial de Barcelona','es'),(270,190,'(ENG)Consorci Escola Industrial de Barcelona','en'),(271,919,'Fundació Politècnica de Catalunya','ca'),(272,919,'Fundació Politècnica de Catalunya','es'),(273,919,'Fundació Politècnica de Catalunya','en'),(274,802,'Centre Universitari EAE','ca'),(275,802,'Centro Universitario EAE','es'),(276,802,'EAE University Centre','en'),(277,670,'Oficina de Mitjans de Comunicació','ca'),(278,670,'(CAS)Oficina de Mitjans de Comunicació','es'),(279,670,'(ENG)Oficina de Mitjans de Comunicació','en'),(280,903,'Centre de Cooperació per al Desenvolupament','ca'),(281,903,'Centro de Cooperación para el Desarrollo','es'),(282,903,'Centre for Development Cooperation','en'),(283,120,'Gabinet del Consell Social','ca'),(284,120,'Gabinete del Consejo Social','es'),(285,120,'Board of Trustees','en'),(286,111,'Gabinet de Relacions Institucionals','ca'),(287,111,'Gabinete de Relaciones Institucionales','es'),(288,111,'Institutional Relations Bureau','en'),(289,978,'Institut d\'Hàbitat, Turisme i Territori','ca'),(290,978,'(CAS) pendent','es'),(291,978,'(ANG) pendent','en'),(292,300,'Escola d\'Enginyeria de Telecomunicació i Aeroespacial de Castelldefels','ca'),(293,300,'Escuela de Ingeniería de Telecomunicación y Aeroespacial de Castelldefels','es'),(294,300,'Castelldefels School of Telecommunications and Aerospace Engineering','en'),(295,390,'Escola Superior d\'Agricultura de Barcelona','ca'),(296,390,'Escuela Superior de Agricultura de Barcelona','es'),(297,390,'Barcelona School of Agricultural Engineering','en'),(298,41,'Servei de Comunicació','ca'),(299,41,'Servicio de Comunicación','es'),(300,41,'Communication Service','en'),(301,142,'Unitat UPC Alumni','ca'),(302,142,'Unidad UPC Alumni','es'),(303,142,'UPC Alumni Unit','en'),(304,194,'Unitat Transversal de Gestió del Campus Diagonal-Besós','ca'),(305,194,'Unitat Transversal de Gestió del Campus Diagonal-Besós','es'),(306,194,'Unitat Transversal de Gestió del Campus Diagonal-Besós','en'),(307,295,'Escola d\'Enginyeria de Barcelona Est','ca'),(308,295,'Escuela de Ingeniería de Barcelona Este','es'),(309,295,'Barcelona East School of Engineering','en'),(310,893,'Institut de Ciències Fotòniques','ca'),(311,893,'Instituto de Ciencias Fotónicas','es'),(312,893,'Institute of Photonic Sciences','en'),(313,720,'Departament de Física Aplicada','ca'),(314,720,'Departamento de Física Aplicada','es'),(315,720,'Department of Applied Physics','en'),(316,644,'Iniciativa Digital Politècnica','ca'),(317,644,'(CAS) pendent','es'),(318,644,'(ANG) pendent','en'),(319,22,'CTT - Oficina Tècnica RDI','ca'),(320,22,'(CAS)Oficina Tècnica Rdi','es'),(321,22,'(ENG)Oficina Tècnica Rdi','en'),(322,59,'Gabinet per a la Qualitat en la Gestió','ca'),(323,59,'(CAS) pendent','es'),(324,59,'(ANG) pendent','en'),(325,24,'Oficina Suport Igualtat d\'Oportunitats','ca'),(326,24,'Oficina per la Igualtat d\'Oportunitats','es'),(327,24,'Oficina per la Igualtat d\'Oportunitats','en'),(328,726,'Departament de Matemàtica Aplicada II','ca'),(329,726,'Departamento de Matemática Aplicada II','es'),(330,726,'Department of Applied Mathematics II','en'),(331,160,'Coordinació del Campus Nord','ca'),(332,160,'(CAS)Coordinació del Campus Nord','es'),(333,160,'(ENG)Coordinació del Campus Nord','en'),(334,747,'Departament d\'Enginyeria de Serveis i Sistemes d\'Informació','ca'),(335,747,'Departamento de Ingenieria de Servicios y Sistemas de Información','es'),(336,747,'Department of Service and Information System Engineering','en'),(337,723,'Departament de Ciències de la Computació','ca'),(338,723,'Departamento de Ciencias de la Computación','es'),(339,723,'Department of Computer Science','en'),(340,45,'Gabinet de Projectes TIC específics','ca'),(341,45,'Gabinet de Projectes TIC específics','es'),(342,45,'Gabinet de Projectes TIC específics','en'),(343,581,'Laboratori del Centre de Medi Ambient','ca'),(344,581,'Laboratori del Centre de Medi Ambient','es'),(345,581,'Laboratori del Centre de Medi Ambient','en'),(346,636,'Smart Sustainable Resources','ca'),(347,636,'Smart Sustainable Resources','es'),(348,636,'Smart Sustainable Resources','en'),(349,70,'Àrea d\'Infraestructures','ca'),(350,70,'Área de Infraestructuras','es'),(351,70,'Àrea d\'Infraestructures','en'),(352,43,'Servei de Disseny i Desenvolupament de Solucions TIC','ca'),(353,43,'Servei de Disseny i Desenvolupament de Solucions TIC','es'),(354,43,'Servei de Disseny i Desenvolupament de Solucions TIC','en'),(355,44,'Servei de Suport TIC i Innovaci?','ca'),(356,44,'Servei de Suport TIC i Innovaci?','es'),(357,44,'Servei de Suport TIC i Innovaci?','en'),(358,153,'Servei de gestió del coneixement,recerca i Innova','ca'),(359,153,'Servei de gestió del coneixement,recerca i Innova','es'),(360,153,'Servei de gestió del coneixement,recerca i Innova','en'),(361,152,'Servei Suport a Recerca i la Innovació','ca'),(362,152,'Servei Suport a Recerca i la Innovació','es'),(363,152,'Servei Suport a Recerca i la Innovació','en'),(364,63,'Àrea de Serveis Jurídics i Avaluació de Riscos de la UPC','ca'),(365,63,'Área de Servicios Jurídicos i Avaluació de Riscos de la UPC','es'),(366,63,'Legal Services Area','en'),(367,101,'Servei de Control de Gestió','ca'),(368,101,'Servicio de Control de Gestión','es'),(369,101,'Management Control Service','en'),(370,69,'Àrea de Planificació, Qualitat i Programes Transversals','ca'),(371,69,'Planificación, Calidad y Programas Transversales','es'),(372,69,'Planning, Quality and Transversal Programs Area','en'),(373,62,'Àrea d\'Organització','ca'),(374,62,'Área de Organización','es'),(375,62,'Organisation Area','en'),(376,61,'Àrea TIC','ca'),(377,61,'Área TIC','es'),(378,61,'(ANG) pendent','en'),(379,60,'Àrea Acadèmica','ca'),(380,60,'Área Académica','es'),(381,60,'Academic Area','en'),(382,164,'Escola de Doctorat','ca'),(383,164,'Escuela de Doctorado','es'),(384,164,'Doctoral School','en'),(385,2,'Servei d\'Economia','ca'),(386,2,'Servicio de Economía','es'),(387,2,'Servei d\'Economia','en'),(388,25,'Servei de Sistemes d\'Informació','ca'),(389,25,'Servicio de Sistemas de Información','es'),(390,25,'Information Systems Service','en'),(391,26,'Servei de Suport a la Gestió','ca'),(392,26,'Servicio de Soporte a la Gestión','es'),(393,26,'Administrative Support Service','en'),(394,611,'Servei de Comunicació i Promoció','ca'),(395,611,'(CAS)Servei de Comunicació Institucional','es'),(396,611,'(ENG)Servei de Comunicació Institucional','en'),(397,115,'Juntes i Comitès de Personal','ca'),(398,115,'(CAS)Juntes i Comitès de Personal','es'),(399,115,'(ENG)Juntes i Comitès de Personal','en'),(400,110,'Serveis Generals','ca'),(401,110,'Servicios generales','es'),(402,110,'General services','en'),(403,17,'Servei PRISMA','ca'),(404,17,'Servicio PRISMA','es'),(405,17,'PRISMA Service','en'),(406,23,'Oficina EEES','ca'),(407,23,'Oficina EEES','es'),(408,23,'Oficina EEES','en'),(409,55,'Vicegerència de Docència, Recerca i Serveis Universitaris','ca'),(410,55,'Àrea de Docència','es'),(411,55,'Àrea de Docència','en'),(412,52,'Gabinet de Planificació, Avaluació i Qualitat','ca'),(413,52,'Gabinete de Planificación, Evaluación y Calidad','es'),(414,52,'Planning, Assessment and Quality Bureau','en'),(415,7,'Servei de Gestió Acadèmica','ca'),(416,7,'Servicio de Gestión Académica','es'),(417,7,'Academic Management Service','en'),(418,1,'Servei de Personal','ca'),(419,1,'Servicio de Personal','es'),(420,1,'Personnel Service','en'),(421,860,'Escola d\'Enginyeria d\'Igualada','ca'),(422,860,'Escuela de Ingeniería de Igualada','es'),(423,860,'Igualada School of Engineering','en'),(424,546,'Servei de Prevenció de Riscos Laborals','ca'),(425,546,'Servicio de Prevención de Riesgos Laborales','es'),(426,546,'Occupational Health and Safety Service','en'),(427,510,'Serveis Informàtics','ca'),(428,510,'(CAS)Serveis Informàtics','es'),(429,510,'(ENG)Serveis Informàtics','en'),(430,410,'Institut de Ciències de l\'Educació','ca'),(431,410,'Instituto de Ciencias de la Educación','es'),(432,410,'Institute of Education Sciences','en'),(433,150,'Centre de Transferència de Tecnologia','ca'),(434,150,'(CAS)Centre de Transferència de Tecnologia','es'),(435,150,'(ENG)Centre de Transferència de Tecnologia','en'),(436,124,'Càtedra Unesco de Sostenibilitat','ca'),(437,124,'Cátedra Unesco de Sostenibilidad','es'),(438,124,'UNESCO Sustainability Chair','en'),(439,57,'Àrea d\'Economia i Serveis','ca'),(440,57,'Área de Economía y Servicios','es'),(441,57,'Accounts, Finance and Services Area','en'),(442,56,'Àrea de Recerca i Transferència / CTT','ca'),(443,56,'Área de Investigación y Transferencia / CTT','es'),(444,56,'Research Area','en'),(445,53,'Àrea de Personal i Organització','ca'),(446,53,'Área de Personal y Organización','es'),(447,53,'Staff and Organisation Area','en'),(448,51,'Servei de Desenvolupament Organitzatiu','ca'),(449,51,'Servicio de Desarrollo Organizativo','es'),(450,51,'Organisational Development Service','en'),(451,34,'Oficina de Planificació i Control Pressupostari','ca'),(452,34,'(CAS)Oficina de Planificació i Control Pressupostari','es'),(453,34,'(ENG)Oficina de Planificació i Control Pressupostari','en'),(454,33,'Servei de Patrimoni i Contractació','ca'),(455,33,'Servicio de Patrimonio y Contratación','es'),(456,33,'Assets and Procurement Service','en'),(457,27,'Oficina per a l\'Administració Electrònica','ca'),(458,27,'Oficina para la Administración Electrónica','es'),(459,27,'Electronic Administration Office','en'),(460,42,'Servei de Suport a l\'ICE','ca'),(461,42,'(CAS) pendent','es'),(462,42,'(ANG) pendent','en'),(463,8,'Oficina de Doctorat','ca'),(464,8,'Oficina de Doctorado','es'),(465,8,'Doctoral Studies Office','en'),(466,29,'Gabinet d\'Innovació i Comunitat','ca'),(467,29,'Gabinete de Innovación y Comunidad','es'),(468,29,'Sustainability and Equal Opportunities Bureau','en'),(469,186,'Unitat de Gestió i Suport ICE-IS','ca'),(470,186,'Unidad de Gestión y Apoyo ICE-IS','es'),(471,186,'ICE-IS Management and Support Unit','en'),(472,138,'CTT - Unitat d\'Assessorament i Suport Laboral a la Recerca','ca'),(473,138,'(CAS) pendent','es'),(474,138,'(ANG) pendent','en'),(475,136,'CTT Servei de Projectes','ca'),(476,136,'CTT Servicio de Proyectos','es'),(477,136,'CTT Projects Service','en'),(478,133,'CTT Servei de Gestió Econòmica','ca'),(479,133,'CTT Servicio de Gestión Económica','es'),(480,133,'CTT Financial Management Service','en'),(481,132,'Gabinet de Projectes Específics','ca'),(482,132,'Gabinete de Proyectos Específicos','es'),(483,132,'Specific Projects Bureau','en'),(484,131,'Servei de Gestió de la Innovació','ca'),(485,131,'Servicio de Gestión de la Innovación','es'),(486,131,'(ANG) pendent','en'),(487,340,'Escola Politècnica Superior d\'Enginyeria de Vilanova i la Geltrú','ca'),(488,340,'Escuela Politécnica Superior de Ingeniería de Vilanova i la Geltrú','es'),(489,340,'Vilanova i la Geltrú School of Engineering','en'),(490,675,'Càtedra Mecalux d\'Innovació en Sistemes d\'Automatització Logística','ca'),(491,675,'Càtedra Mecalux d\'Innovació en Sistemes d\'Automatització Logística','es'),(492,675,'Càtedra Mecalux d\'Innovació en Sistemes d\'Automatització Logística','en'),(493,674,'Càtedra Manel Xifra Boada - Comexi Group - UdG - UPC en Recerca i','ca'),(494,674,'Càtedra Manel Xifra Boada - Comexi Group - UdG - UPC en Recerca i','es'),(495,674,'Càtedra Manel Xifra Boada - Comexi Group - UdG - UPC en Recerca i','en'),(496,673,'Càtedra SEAT UPC d\'Excel·lencia i Innovació en Automoció per a la','ca'),(497,673,'Càtedra SEAT UPC d\'Excel·lencia i Innovació en Automoció per a la','es'),(498,673,'Càtedra SEAT UPC d\'Excel·lencia i Innovació en Automoció per a la','en'),(499,672,'A3 Chair in Leather, Fashion and Textil Innovation','ca'),(500,672,'A3 Chair in Leather, Fashion and Textil Innovation','es'),(501,672,'A3 Chair in Leather, Fashion and Textil Innovation','en'),(502,671,'Càtedra Girbau Group en Recerca i Innovació en Tecnologia de','ca'),(503,671,'Càtedra Girbau Group en Recerca i Innovació en Tecnologia de','es'),(504,671,'Càtedra Girbau Group en Recerca i Innovació en Tecnologia de','en'),(505,669,'Càtedra Iberpotash en Mineria Sostenible','ca'),(506,669,'Càtedra Iberpotash en Mineria Sostenible','es'),(507,669,'Càtedra Iberpotash en Mineria Sostenible','en'),(508,668,'Càtedra Klockner UPC en Implantologia Dental','ca'),(509,668,'Càtedra Klockner UPC en Implantologia Dental','es'),(510,668,'Càtedra Klockner UPC en Implantologia Dental','en'),(511,662,'Càtedra Cercle d\'Infrastructures - UPC','ca'),(512,662,'Càtedra Cercle d\'Infrastructures - UPC','es'),(513,662,'Càtedra Cercle d\'Infrastructures - UPC','en'),(514,660,'Càtedra Grup JG Ingenieros per a l\'estudi de la sostenibilitat en','ca'),(515,660,'Càtedra Grup JG Ingenieros per a l\'estudi de la sostenibilitat en','es'),(516,660,'Càtedra Grup JG Ingenieros per a l\'estudi de la sostenibilitat en','en'),(517,655,'Càtedra ABERTIS de gestió d\'Infrastructures de transport','ca'),(518,655,'Càtedra ABERTIS de gestió d\'Infrastructures de transport','es'),(519,655,'Càtedra ABERTIS de gestió d\'Infrastructures de transport','en'),(520,654,'Càtedra Telefònica-UPC d\'Anàlisi de l\'evolució de les tendències','ca'),(521,654,'Càtedra Telefònica-UPC d\'Anàlisi de l\'evolució de les tendències','es'),(522,654,'Càtedra Telefònica-UPC d\'Anàlisi de l\'evolució de les tendències','en'),(523,653,'Càtedra ENDESA Red d\'Innovació Energètica','ca'),(524,653,'Càtedra ENDESA Red d\'Innovació Energètica','es'),(525,653,'Càtedra ENDESA Red d\'Innovació Energètica','en'),(526,173,'UTG de l\'Àmbit de Matemàtiques','ca'),(527,173,'UTG de l\'Àmbit de Matemàtiques','es'),(528,173,'UTG de l\'Àmbit de Matemàtiques','en'),(529,193,'Unitat Transversal de Gestió de l\'Àmbit d\'Òptica i Optometria','ca'),(530,193,'Unitat Transversal de Gestió de l\'Àmbit d\'Òptica i Optometria','es'),(531,193,'Unitat Transversal de Gestió de l\'Àmbit d\'Òptica i Optometria','en'),(532,192,'Unitat Transversal de Gestió del Campus Terrassa','ca'),(533,192,'Unidad Transversal de Gestión del Campus Terrassa','es'),(534,192,'Campus Terrassa Management and Support Unit','en'),(535,30,'Gabinet de Suport UPC Alumni','ca'),(536,30,'Gabinet de Suport Upc Alumni','es'),(537,30,'Gabinet de Suport Upc Alumni','en'),(538,151,'OFICINA DE PATENTS I LLICÈNCIES','ca'),(539,151,'(CAS) pendent','es'),(540,151,'(ANG) pendent','en'),(541,4017,'BECARI/ÀRIA FPU - UPC RECERCA','ca'),(542,4017,'(CAS) pendent','es'),(543,4017,'(ANG) pendent','en'),(544,1022,'Universitat Autònoma de Barcelona','ca'),(545,1022,'(CAS) pendent','es'),(546,1022,'(ANG) pendent','en'),(547,920,'Unitat de Formació de Formadors','ca'),(548,920,'(CAS)Unitat de Formació de Formadors','es'),(549,920,'(ENG)Unitat de Formació de Formadors','en'),(550,945,'Centre de Desenvolupament Tecnològic de Sistemes d\'Adquisició Remota i Tractament de la Informació','ca'),(551,945,'(CAS)Centre de Desenvolupament Tecnològic de Sistemes d\'Adquisició Remota i Tractament de la Informació','es'),(552,945,'(ENG)Centre de Desenvolupament Tecnològic de Sistemes d\'Adquisició Remota i Tractament de la Informació','en'),(553,99999,'Universitats estrangeres','ca'),(554,99999,'(CAS) pendent','es'),(555,99999,'(ANG) pendent','en'),(556,10041,'UB - Facultat de Física i Química','ca'),(557,10041,'(CAS) pendent','es'),(558,10041,'(ANG) pendent','en'),(559,904,'Centre de Supercomputació de Catalunya','ca'),(560,904,'(CAS)Centre de Supercomputació de Catalunya','es'),(561,904,'(ENG)Centre de Supercomputació de Catalunya','en'),(562,953,'Laboratori d\'Enginyeria Acústica i Mecànica','ca'),(563,953,'(CAS)Laboratori d\'Enginyeria Acústica i Mecànica','es'),(564,953,'(ENG)Laboratori d\'Enginyeria Acústica i Mecànica','en'),(565,941,'Centre d\'Integritat Estructural i Fiabilitat dels Materials','ca'),(566,941,'(CAS)Centre d\'Integritat Estructural i Fiabilitat dels Materials','es'),(567,941,'(ENG)Centre d\'Integritat Estructural i Fiabilitat dels Materials','en'),(568,905,'Centre Europeu de Paralelisme de Barcelona','ca'),(569,905,'(CAS)Centre Europeu de Paralelisme de Barcelona','es'),(570,905,'(ENG)Centre Europeu de Paralelisme de Barcelona','en'),(571,997,'Pendents d\'assignació','ca'),(572,997,'Pendents d\'assignació','es'),(573,997,'Pendents d\'assignació','en'),(574,665,'Càtedra de Programari Lliure','ca'),(575,665,'Cátedra de Software Libre','es'),(576,665,'Free Software Chair','en'),(577,964,'Centre de Recerca i Innovació en Toxicologia','ca'),(578,964,'Centro de Investigación e Innovación en Toxicologia','es'),(579,964,'Centre de Recerca i Innovació en Toxicologia','en'),(580,119,'Programa Upc21','ca'),(581,119,'Programa Upc21','es'),(582,119,'Programa Upc21','en'),(583,11,'Unitat Tècnica d\'Estadístiques i Estudis','ca'),(584,11,'Unitat Tècnica d\'Estadístiques i Estudis','es'),(585,11,'Unitat Tècnica d\'Estadístiques i Estudis','en'),(586,10,'Unitat de Docència','ca'),(587,10,'Unidad de Docencia','es'),(588,10,'Teaching Unit','en'),(589,3,'Servei d\'Obres i Manteniment','ca'),(590,3,'Servei d\'Obres i Manteniment','es'),(591,3,'Servei d\'Obres i Manteniment','en'),(592,870,'Escola Universitària d\'Enginyeria Tècnica en Teixits de Punt de Canet de Mar','ca'),(593,870,'Escola Universitària d\'Enginyeria Tècnica en Teixits de Punt de Canet de Mar','es'),(594,870,'Escola Universitària d\'Enginyeria Tècnica en Teixits de Punt de Canet de Mar','en'),(595,999,'Altres Unitats Estructurals','ca'),(596,999,'Altres Unitats Estructurals','es'),(597,999,'Altres Unitats Estructurals','en'),(598,1039,'Universitat Pompeu Fabra','ca'),(599,1039,'(CAS) pendent','es'),(600,1039,'(ANG) pendent','en'),(601,1042,'Universitat Rovira i Virgili','ca'),(602,1042,'Universitat Rovira i Virgili','es'),(603,1042,'Universitat Rovira i Virgili','en'),(604,1043,'Universitat de Girona','ca'),(605,1043,'(CAS) pendent','es'),(606,1043,'(ANG) pendent','en'),(607,555,'UE Comodin','ca'),(608,555,'UE Comodin','es'),(609,555,'UE Comodin','en'),(610,950,'Laboratori d\'Aplicacions Multimèdia','ca'),(611,950,'(CAS)Laboratori d\'Aplicacions Multimèdia','es'),(612,950,'(ENG)Laboratori d\'Aplicacions Multimèdia','en'),(613,946,'Centre d\'Innovació Tecnològica en Convertidors Estàtics i Accionaments','ca'),(614,946,'(CAS)Centre d\'Innovació Tecnològica en Convertidors Estàtics i Accionaments','es'),(615,946,'(ENG)Centre d\'Innovació Tecnològica en Convertidors Estàtics i Accionaments','en'),(616,927,'Centre de Tecnologies i Aplicacions del Llenguatge i la Parla','ca'),(617,927,'(CAS)Centre de Tecnologies i Aplicacions del Llenguatge i la Parla','es'),(618,927,'(ENG)Centre de Tecnologies i Aplicacions del Llenguatge i la Parla','en'),(619,926,'Centre Tecnològic de Manresa','ca'),(620,926,'Centro Tecnológico de Manresa','es'),(621,926,'Manresa Technology Centre','en'),(622,925,'Centre de Produccions Audiovisuals','ca'),(623,925,'(CAS)Centre de Produccions Audiovisuals','es'),(624,925,'(ENG)Centre de Produccions Audiovisuals','en'),(625,923,'Centre de Logística i Serveis Marítims','ca'),(626,923,'(CAS)Centre de Logistica i Serveis Marítims','es'),(627,923,'(ENG)Centre de Logistica i Serveis Marítims','en'),(628,921,'Centre d\'aplicacions de la xarxa','ca'),(629,921,'(CAS)Centre d\'aplicacions de la xarxa','es'),(630,921,'(ENG)Centre d\'aplicacions de la xarxa','en'),(631,127,'Ubuntu, Fòrum Mundial de Xarxes','ca'),(632,127,'(CAS)Ubuntu, Fòrum Mundial de Xarxes','es'),(633,127,'(ENG)Ubuntu, Fòrum Mundial de Xarxes','en'),(634,650,'Càtedra Gaudí','ca'),(635,650,'Cátedra Gaudí','es'),(636,650,'Gaudí Chair','en'),(637,450,'Institut de Tecnologia i Modelització Ambiental','ca'),(638,450,'(CAS)Institut de Tecnologia i Modelització Ambiental','es'),(639,450,'(ENG)Institut de Tecnologia i Modelització Ambiental','en'),(640,21,'Oficina de Selecció','ca'),(641,21,'(CAS)Oficina de Selecció','es'),(642,21,'(ENG)Oficina de Selecció','en'),(643,126,'Càtedra UNESCO en Salut Visual i Desenvolupament','ca'),(644,126,'Cátedra UNESCO en Salud Visual y Desarrollo','es'),(645,126,'UNESCO Chair of Vision and Development','en'),(646,122,'Càtedra UNESCO de Direcció Universitària','ca'),(647,122,'Cátedra UNESCO de Dirección Universitaria','es'),(648,122,'UNESCO Chair of Higher Education Management','en'),(649,121,'Associació d\'Amics de la UPC','ca'),(650,121,'(CAS)Associació d\'Amics de la UPC','es'),(651,121,'(ENG)Associació d\'Amics de la UPC','en'),(652,20,'Oficina de Formació','ca'),(653,20,'(CAS)Oficina de Formació','es'),(654,20,'(ENG)Oficina de Formació','en'),(655,9,'Centre per a la Sostenibilitat','ca'),(656,9,'Centro para Sostenibilidad','es'),(657,9,'Centre for Sustainability','en'),(658,666,'Càtedra d\'Accessibilitat: Arquitectura, Disseny i Tecnologia per a Tothom','ca'),(659,666,'Cátedra de Accesibilidad: Arquitectura, Diseño y Tecnología para Todos','es'),(660,666,'Accessibility Chair: Architecture, Design and Technology for All','en'),(661,938,'Centre de Disseny i d\'Aliatges Lleugers i Tractament de Superfície','ca'),(662,938,'(CAS)Centre de Disseny i d\'Aliatges Lleugers i Tractament de Superfície','es'),(663,938,'(ENG)Centre de Disseny i d\'Aliatges Lleugers i Tractament de Superfície','en'),(664,1004,'Universitat de Barcelona','ca'),(665,1004,'Universitat de Barcelona','es'),(666,1004,'(ENG)Universitat de Barcelona','en'),(667,580,'Centre Universitari de la Visió','ca'),(668,580,'Centro Universitario de la Visión','es'),(669,580,'(ANG) pendent','en'),(670,125,'Càtedra UNESCO de Tècnica i Cultura','ca'),(671,125,'Cátedra UNESCO en Técnica y Cultura','es'),(672,125,'UNESCO Chair of Technology and Culture','en'),(673,123,'Càtedra UNESCO de Mètodes Numèrics en Enginyeria','ca'),(674,123,'Cátedra UNESCO de Métodos Numéricos en Ingeniería','es'),(675,123,'UNESCO Chair of Numerical Methods in Engineering','en'),(676,189,'Unitat Transversal de Gestió de l\'Àmbit Edificació','ca'),(677,189,'Unidad Transversal de Gestión del Ámbito de la Edificación','es'),(678,189,'(ANG) pendent','en'),(679,969,'CENTRE D\'ESTUDIS TECNOLÒGICS PER A L\'ATENCIÓ DE LA DEPENDÈNCIA I LA VIDA AUTÒNOMA UPC','ca'),(680,969,'(CAS) pendent','es'),(681,969,'(ANG) pendent','en'),(682,998,'Institut Català de Tecnologia','ca'),(683,998,'(CAS) pendent','es'),(684,998,'(ANG) pendent','en'),(685,996,'Institut Català d\'Energia','ca'),(686,996,'(CAS) pendent','es'),(687,996,'(ANG) pendent','en'),(688,995,'Centre de Telecomunicacions i Tecnologies de la Informació','ca'),(689,995,'(CAS) pendent','es'),(690,995,'(ANG) pendent','en'),(691,990,'Centre de Tecnologia Aeroespacial','ca'),(692,990,'(CAS) pendent','es'),(693,990,'(ANG) pendent','en'),(694,989,'Fundació Miquel Agustí','ca'),(695,989,'Fundación Miquel Agustí','es'),(696,989,'Miquel Agustí Foundation','en'),(697,988,'Institut de Recerca en Energia de Catalunya','ca'),(698,988,'Instituto de Investigación en Energía de Cataluña','es'),(699,988,'Catalonia Institute for Energy Research','en'),(700,987,'Gestió Integral de Residus Orgànics','ca'),(701,987,'(CAS) pendent','es'),(702,987,'(ANG) pendent','en'),(703,986,'Fundació Privada per al Progrés de la Transferència de Calor i Massa','ca'),(704,986,'Fundación Privada para el Progreso de la Transferencia de Calor y Masa','es'),(705,986,'Private Foundation for the Progress of Heat and Mass Transfer','en'),(706,985,'Centre de Recerca en Economia i Desenvolupament Agroalimentari','ca'),(707,985,'Centro de Investigación en Economía y Desarrollo Agroalimentario','es'),(708,985,'Centre for Agrifood Economics and Development','en'),(709,984,'Centre Tecnològic de Telecomunicacions de Catalunya','ca'),(710,984,'Centro Tecnológico de Telecomunicaciones de Cataluña','es'),(711,984,'Telecommunications Technology Centre of Catalonia','en'),(712,983,'Centre Tecnològic de la Construcció','ca'),(713,983,'(CAS) pendent','es'),(714,983,'(ANG) pendent','en'),(715,982,'Centre Tecnològic de l\'Aigua','ca'),(716,982,'Centro Tecnológico del Agua','es'),(717,982,'Water Technology Centre','en'),(718,981,'Centre de Recerca en Matemàtica','ca'),(719,981,'Centro de Investigación Matemática','es'),(720,981,'Mathematical Research Centre','en'),(721,980,'Centre de Recerca en Economia i Desenvolupament Agroalimentari','ca'),(722,980,'Centro de Investigación en Economía y Desarrollo Agroalimentario','es'),(723,980,'Centre for Agrifood Economics and Development','en'),(724,979,'Data Management Group','ca'),(725,979,'Data Management Group','es'),(726,979,'Data Management Group','en'),(727,977,'Institut en Dinàmica Fluvial i en Enginyeria Hidrològica (FLUMEN)','ca'),(728,977,'Instituto en Dinámica Fluvial e Ingeniería Hidrológica (FLUMEN)','es'),(729,977,'River Dynamics and Hydrological Engineering Institute','en'),(730,976,'Fundació Centre d\'Innovació Tecnològica de la UPC','ca'),(731,976,'Fundación Centro de Innovación y Tecnología','es'),(732,976,'Innovation and Technology Centre Foundation','en'),(733,975,'Centre de Recerca de Sistemes Elèctrics d\'Energia Renovable','ca'),(734,975,'(CAS) pendent','es'),(735,975,'(ANG) pendent','en'),(736,974,'Centre Específic de Recerca de Mètodes Numèrics en Ciències Aplicades i Enginyeria','ca'),(737,974,'(CAS) pendent','es'),(738,974,'(ANG) pendent','en'),(739,971,'Centre de Recerca en Sistemes Electrònics Industrials','ca'),(740,971,'(CAS) pendent','es'),(741,971,'(ANG) pendent','en'),(742,970,'Centre de Recerca d\'Electrònica de Potència UPC','ca'),(743,970,'(CAS) pendent','es'),(744,970,'(ANG) pendent','en'),(745,112,'Oficina de Preinscripció/Oficina d\'organització i coordinació de les PAAU','ca'),(746,112,'(CAS)Oficina de Preinscripció/Oficina d\'organització i coordinació de les PAAU','es'),(747,112,'(ENG)Oficina de Preinscripció/Oficina d\'organització i coordinació de les PAAU','en'),(748,102,'Servei d\'Infraestructures','ca'),(749,102,'Servicio de Infraestructuras','es'),(750,102,'Infrastructure Service','en'),(751,551,'Unitat de Gestió dels Departaments LSI ESSI','ca'),(752,551,'Unidad de Gestión de los Departamentos LSI ESSI','es'),(753,551,'[ENG] Unitat de Gestió dels Departaments LSI ESSI','en'),(754,290,'Escola Tècnica Superior d\'Arquitectura del Vallès','ca'),(755,290,'Escuela Técnica Superior de Arquitectura del Vallès','es'),(756,290,'Vallès School of Architecture','en'),(757,185,'Unitat Transversal de Gestió Àmbit Arquitectura de Sant Cugat','ca'),(758,185,'Unidad Transversal de Gestión de Arquitectura de Sant Cugat del Vallès','es'),(759,185,'Sant Cugat del Vallès Architecture Management and Support Unit','en'),(760,894,'inLab FIB','ca'),(761,894,'inLab FIB','es'),(762,894,'inLab FIB','en'),(763,270,'Facultat d\'Informàtica de Barcelona','ca'),(764,270,'Facultad de Informática de Barcelona','es'),(765,270,'Barcelona School of Informatics','en'),(766,840,'Escola Universitària Politècnica de Mataró','ca'),(767,840,'Escuela Universitaria Politécnica de Mataró','es'),(768,840,'Mataró College of Engineering','en'),(769,8407,'Audiovisuals','ca'),(770,8407,'Audiovisuales','es'),(771,8407,'Audiovisual','en'),(772,8406,'Informàtica','ca'),(773,8406,'Informática','es'),(774,8406,'Informatics','en'),(775,8405,'Telemàtica','ca'),(776,8405,'Telemática','es'),(777,8405,'Network','en'),(778,8404,'Departament d\'Electrònica','ca'),(779,8404,'Departamento de Electrónica','es'),(780,8404,'Department of Electronic','en'),(781,752,'Departament de Representació Arquitectònica','ca'),(782,752,'Departamento de Representación Arquitectónica','es'),(783,752,'Departamento de Representación Arquitectónica','en'),(784,756,'Departament de Teoria i Història de l\'Arquitectura i Tècniques de Comunicació','ca'),(785,756,'Departamento de Teoría e Historia de la Arquitectura y Técnicas de Comunicación','es'),(786,756,'Department of History and Theory of Architecture and Communication Techniques','en'),(787,753,'Departament de Tecnologia de l\'Arquitectura','ca'),(788,753,'Departamento de Tecnología de la Arquitectura','es'),(789,753,'Department of Architectural Technology','en'),(790,183,'Unitat Transversal de Gestió de l\'Àmbit de l\'Arquitectura de Barcelona','ca'),(791,183,'Unidad Transversal de Gestión del Ámbito de la Arquitectura de Barcelona','es'),(792,183,'Barcelona Architecture Management and Support Unit','en'),(793,918,'Centre de Recerca en Enginyeria Biomèdica','ca'),(794,918,'Centro de Investigación en Ingeniería Biomédica','es'),(795,918,'Biomedical Engineering Research Centre','en'),(796,740,'Departament d\'Urbanisme i Ordenació del Territori','ca'),(797,740,'Departamento de Urbanismo y Ordenación del Territorio','es'),(798,740,'Department of Urbanism and Regional Planning','en'),(799,735,'Departament de Projectes Arquitectònics','ca'),(800,735,'Departamento de Proyectos Arquitectónicos','es'),(801,735,'Department of Architectural Design','en'),(802,716,'Departament d\'Estructures a l\'Arquitectura','ca'),(803,716,'Departamento de Estructuras en la Arquitectura','es'),(804,716,'Department of Structural Architecture','en'),(805,704,'Departament de Construccions Arquitectòniques I','ca'),(806,704,'Departamento de Construcciones Arquitectónicas I','es'),(807,704,'Department of Architectural Technology I','en'),(808,210,'Escola Tècnica Superior d\'Arquitectura de Barcelona','ca'),(809,210,'Escuela Técnica Superior de Arquitectura de Barcelona','es'),(810,210,'Barcelona School of Architecture','en'),(811,914,'Centre de Política del Sòl i Valoracions','ca'),(812,914,'(CAS)Centre de Política del Sòl i Valoracions','es'),(813,914,'(ENG)Centre de Política del Sòl i Valoracions','en'),(814,2101,'Paisatgisme','ca'),(815,2101,'Paisajismo','es'),(816,2101,'Landscape Architecture','en'),(817,703,'Departament de Composició Arquitectònica','ca'),(818,703,'Departamento de Composición Arquitectónica','es'),(819,703,'Department of History and Theory of Architecture','en'),(820,718,'Departament d\'Expressió Gràfica Arquitectònica I','ca'),(821,718,'Departamento de Expresión Gráfica Arquitectónica I','es'),(822,718,'Department of Architectural Representation and Visual Analysis I','en'),(823,211,'Unitat de Gestió de Postgrau ETSAB','ca'),(824,211,'(CAS) pendent','es'),(825,211,'(ANG) pendent','en'),(826,172,'Unitat Transversal de Gestió de l\'Àmbit de Nàutica','ca'),(827,172,'Unidad Transversal de Gestión del Ámbito de Náutica','es'),(828,172,'Unidad Transversal de Gestión del Ámbito de Náutica','en'),(829,742,'Departament de Ciència i Enginyeria Nàutiques','ca'),(830,742,'Departamento de Ciencia e Ingeniería Náuticas','es'),(831,742,'Department of Nautical Sciences and Engineering','en'),(832,280,'Facultat de Nàutica de Barcelona','ca'),(833,280,'Facultad de Náutica de Barcelona','es'),(834,280,'Barcelona School of Nautical Studies','en'),(835,705,'Departament de Construccions Arquitectòniques II','ca'),(836,705,'Departamento de Construcciones Arquitectónicas II','es'),(837,705,'Department of Architectural Technology II','en'),(838,719,'Departament d\'Expressió Gràfica Arquitectònica II','ca'),(839,719,'Departamento de Expresión Gráfica Arquitectónica II','es'),(840,719,'Department of Architectural Representation and Visual Analysis II','en'),(841,310,'Escola Politècnica Superior d\'Edificació de Barcelona','ca'),(842,310,'Escuela Politécnica Superior de Edificación de Barcelona','es'),(843,310,'Barcelona School of Building Construction','en'),(844,805,'Centre Universitàri Semipresencial Politècnic','ca'),(845,805,'Centro Universitàrio Semipresencial Politécnico','es'),(846,805,'Centre Universitàri Semipresencial Politècnic','en'),(847,205,'Escola Superior d\'Enginyeries Industrial, Aeroespacial i Audiovisual de Terrassa','ca'),(848,205,'Escuela Superior de Ingenierías Industrial, Aeroespacial y Audiovisual de Terrassa','es'),(849,205,'Terrassa School of Industrial, Aerospace and Audiovisual Engineering','en'),(850,170,'Unitat de Gestió dels Serveis Comuns del  Campus de Terrassa','ca'),(851,170,'(CAS)Unitat de Gestió dels Serveis Comuns del  Campus de Terrassa','es'),(852,170,'(ENG)Unitat de Gestió dels Serveis Comuns del  Campus de Terrassa','en'),(853,922,'Centre de Desenvolupament de Sensors, Instrumentació i Sistemes','ca'),(854,922,'Centro de Desarrollo de Sensores, Instrumentación y Sistemas','es'),(855,922,'Centre for Sensors, Instruments and Systems Development','en'),(856,972,'Laboratori d\'Innovació Tecnològica d\'Estructures i Materials','ca'),(857,972,'(CAS) pendent','es'),(858,972,'(ANG) pendent','en'),(859,724,'Departament de Màquines i Motors Tèrmics','ca'),(860,724,'Departamento de Máquinas y Motores Térmicos','es'),(861,724,'Department of Heat Engines','en'),(862,928,'Centre Tecnològic de la Transferència de Calor','ca'),(863,928,'Centro Tecnológico de Transferencia del Calor','es'),(864,928,'Heat and Mass Transfer Technological Center','en'),(865,420,'Institut d\'Investigació Tèxtil i Cooperació Industrial de Terrassa','ca'),(866,420,'Instituto de Investigación Textil y Cooperación Industrial de Terrassa','es'),(867,420,'Terrassa Institute of Textile Research and Industrial Cooperation','en'),(868,145,'Parc UPC','ca'),(869,145,'Parque UPC','es'),(870,145,'UPC Park','en');
/*!40000 ALTER TABLE `department_translation` ENABLE KEYS */;
UNLOCK TABLES;

--
-- Table structure for table `migration_versions`
--

DROP TABLE IF EXISTS `migration_versions`;
/*!40101 SET @saved_cs_client     = @@character_set_client */;
/*!40101 SET character_set_client = utf8 */;
CREATE TABLE `migration_versions` (
  `version` varchar(255) COLLATE utf8_unicode_ci NOT NULL,
  PRIMARY KEY (`version`)
) ENGINE=InnoDB DEFAULT CHARSET=utf8 COLLATE=utf8_unicode_ci;
/*!40101 SET character_set_client = @saved_cs_client */;

--
-- Dumping data for table `migration_versions`
--

LOCK TABLES `migration_versions` WRITE;
/*!40000 ALTER TABLE `migration_versions` DISABLE KEYS */;
INSERT INTO `migration_versions` VALUES ('20190827092826'),('20190828104300'),('20190829101710'),('20190829104347'),('20190829114746'),('20190910151356'),('20190910161747');
/*!40000 ALTER TABLE `migration_versions` ENABLE KEYS */;
UNLOCK TABLES;

--
-- Table structure for table `parameter`
--

DROP TABLE IF EXISTS `parameter`;
/*!40101 SET @saved_cs_client     = @@character_set_client */;
/*!40101 SET character_set_client = utf8 */;
CREATE TABLE `parameter` (
  `id` int(11) NOT NULL AUTO_INCREMENT,
  `value` varchar(255) COLLATE utf8mb4_unicode_ci NOT NULL,
  `comment` varchar(255) COLLATE utf8mb4_unicode_ci NOT NULL,
  `editable` int(11) NOT NULL,
  PRIMARY KEY (`id`)
) ENGINE=InnoDB AUTO_INCREMENT=11 DEFAULT CHARSET=utf8mb4 COLLATE=utf8mb4_unicode_ci;
/*!40101 SET character_set_client = @saved_cs_client */;

--
-- Dumping data for table `parameter`
--

LOCK TABLES `parameter` WRITE;
/*!40000 ALTER TABLE `parameter` DISABLE KEYS */;
INSERT INTO `parameter` VALUES (10,'24','Hores darrera connexió usuaris',0);
/*!40000 ALTER TABLE `parameter` ENABLE KEYS */;
UNLOCK TABLES;

--
-- Table structure for table `people_group`
--

DROP TABLE IF EXISTS `people_group`;
/*!40101 SET @saved_cs_client     = @@character_set_client */;
/*!40101 SET character_set_client = utf8 */;
CREATE TABLE `people_group` (
  `id` int(11) NOT NULL AUTO_INCREMENT,
  `name` varchar(255) COLLATE utf8mb4_unicode_ci NOT NULL,
  PRIMARY KEY (`id`)
) ENGINE=InnoDB AUTO_INCREMENT=101 DEFAULT CHARSET=utf8mb4 COLLATE=utf8mb4_unicode_ci;
/*!40101 SET character_set_client = @saved_cs_client */;

--
-- Dumping data for table `people_group`
--

LOCK TABLES `people_group` WRITE;
/*!40000 ALTER TABLE `people_group` DISABLE KEYS */;
INSERT INTO `people_group` VALUES (1,'ESTUDIANT/A'),(2,'ESTUDIANT/A BECARI/A'),(3,'ESTUDIANT/A ERASMUS'),(4,'ESTUDIANT/A PFC'),(5,'ESTUDIANT/A POSTGRAU/MÀSTER/DOCTORAT'),(6,'INVESTIGADOR/A VISITANT'),(7,'PAS'),(8,'PDI'),(9,'PDI EMÈRIT'),(10,'PDI RECERCA'),(11,'PDI VISITANT'),(12,'TREBALLADOR/A EMPRESA EXTERNA'),(13,'COOPERACIÓ EDUCATIVA'),(100,'ALTRES (ESPECIFICAR A OBSERVACIONS)');
/*!40000 ALTER TABLE `people_group` ENABLE KEYS */;
UNLOCK TABLES;

--
-- Table structure for table `permission`
--

DROP TABLE IF EXISTS `permission`;
/*!40101 SET @saved_cs_client     = @@character_set_client */;
/*!40101 SET character_set_client = utf8 */;
CREATE TABLE `permission` (
  `id` int(11) NOT NULL AUTO_INCREMENT,
  `department` int(11) DEFAULT NULL,
  `status` int(11) DEFAULT NULL,
  `owner` int(11) DEFAULT NULL,
  `name` varchar(255) COLLATE utf8mb4_unicode_ci NOT NULL,
  `surname` varchar(255) COLLATE utf8mb4_unicode_ci NOT NULL,
  `dni` varchar(255) COLLATE utf8mb4_unicode_ci NOT NULL,
  `comments` varchar(255) COLLATE utf8mb4_unicode_ci DEFAULT NULL,
  `startDate` datetime NOT NULL,
  `endDate` datetime NOT NULL,
  `location` varchar(255) COLLATE utf8mb4_unicode_ci NOT NULL,
  `weekendAllowed` tinyint(1) NOT NULL,
  `peopleGroup` int(11) DEFAULT NULL,
  `permissionType` int(11) DEFAULT NULL,
  `imported` tinyint(1) NOT NULL,
  PRIMARY KEY (`id`),
  KEY `IDX_E04992AACD1DE18A` (`department`),
  KEY `IDX_E04992AAF3EDD76A` (`peopleGroup`),
  KEY `IDX_E04992AA711C7BDC` (`permissionType`),
  KEY `IDX_E04992AA7B00651C` (`status`),
  KEY `IDX_E04992AACF60E67C` (`owner`),
  CONSTRAINT `FK_E04992AA711C7BDC` FOREIGN KEY (`permissionType`) REFERENCES `permission_type` (`id`),
  CONSTRAINT `FK_E04992AA7B00651C` FOREIGN KEY (`status`) REFERENCES `status` (`id`),
  CONSTRAINT `FK_E04992AACD1DE18A` FOREIGN KEY (`department`) REFERENCES `department` (`id`),
  CONSTRAINT `FK_E04992AACF60E67C` FOREIGN KEY (`owner`) REFERENCES `user` (`id`),
  CONSTRAINT `FK_E04992AAF3EDD76A` FOREIGN KEY (`peopleGroup`) REFERENCES `people_group` (`id`)
) ENGINE=InnoDB AUTO_INCREMENT=107 DEFAULT CHARSET=utf8mb4 COLLATE=utf8mb4_unicode_ci;
/*!40101 SET character_set_client = @saved_cs_client */;

--
-- Dumping data for table `permission`
--

LOCK TABLES `permission` WRITE;
/*!40000 ALTER TABLE `permission` DISABLE KEYS */;
INSERT INTO `permission` VALUES (86,188,1,1,'ssdfsdf','sdfsdf','sdfsdfsdf','sdfsdfsdfsdf','2019-09-11 00:00:00','2019-09-27 23:59:59','sdfsdf',0,11,2,0),(97,188,1,1,' nom11','prova1','___id1',NULL,'2019-09-13 00:00:00','2020-09-13 23:59:59','ed1 u1',1,7,1,0),(98,188,1,1,' nom12','prova1','___id2',NULL,'2019-09-13 00:00:00','2020-09-13 23:59:59','ed2 u2',1,7,1,0),(99,188,1,1,' nom13','prova1','___id3',NULL,'2019-09-13 00:00:00','2020-09-13 23:59:59','ed3 u3',1,8,1,0),(100,188,1,1,' nom14','prova1','___id4',NULL,'2019-09-13 00:00:00','2020-09-13 23:59:59','ed4 u4',1,8,1,0),(101,188,1,1,' nom15','prova1','___id5',NULL,'2019-09-13 00:00:00','2020-09-13 23:59:59','ed5 u5',1,8,1,0),(102,188,1,1,' nom16','prova1','___id6',NULL,'2019-09-13 00:00:00','2020-09-13 23:59:59','ed6 u6',1,8,1,0),(103,188,1,1,' nom17','prova1','___id7',NULL,'2019-09-13 00:00:00','2020-09-13 23:59:59','ed7 u7',1,8,1,0),(104,188,1,1,' nom18','prova1','___id8',NULL,'2019-09-13 00:00:00','2020-09-13 23:59:59','ed8 u8',1,8,1,0),(105,188,1,1,' nom19','prova1','___id9',NULL,'2019-09-13 00:00:00','2020-09-13 23:59:59','ed9 u9',1,8,1,0),(106,188,1,1,' nom20','prova1','___id10',NULL,'2019-09-13 00:00:00','2020-09-13 23:59:59','ed10 u10',1,8,1,0);
/*!40000 ALTER TABLE `permission` ENABLE KEYS */;
UNLOCK TABLES;

--
-- Table structure for table `permission_type`
--

DROP TABLE IF EXISTS `permission_type`;
/*!40101 SET @saved_cs_client     = @@character_set_client */;
/*!40101 SET character_set_client = utf8 */;
CREATE TABLE `permission_type` (
  `id` int(11) NOT NULL AUTO_INCREMENT,
  `name` varchar(255) COLLATE utf8mb4_unicode_ci NOT NULL,
  PRIMARY KEY (`id`)
) ENGINE=InnoDB AUTO_INCREMENT=3 DEFAULT CHARSET=utf8mb4 COLLATE=utf8mb4_unicode_ci;
/*!40101 SET character_set_client = @saved_cs_client */;

--
-- Dumping data for table `permission_type`
--

LOCK TABLES `permission_type` WRITE;
/*!40000 ALTER TABLE `permission_type` DISABLE KEYS */;
INSERT INTO `permission_type` VALUES (1,'CENS'),(2,'PUNTUAL');
/*!40000 ALTER TABLE `permission_type` ENABLE KEYS */;
UNLOCK TABLES;

--
-- Table structure for table `status`
--

DROP TABLE IF EXISTS `status`;
/*!40101 SET @saved_cs_client     = @@character_set_client */;
/*!40101 SET character_set_client = utf8 */;
CREATE TABLE `status` (
  `id` int(11) NOT NULL AUTO_INCREMENT,
  `name` varchar(255) COLLATE utf8mb4_unicode_ci NOT NULL,
  `icon` varchar(255) COLLATE utf8mb4_unicode_ci NOT NULL,
  PRIMARY KEY (`id`)
) ENGINE=InnoDB AUTO_INCREMENT=5 DEFAULT CHARSET=utf8mb4 COLLATE=utf8mb4_unicode_ci;
/*!40101 SET character_set_client = @saved_cs_client */;

--
-- Dumping data for table `status`
--

LOCK TABLES `status` WRITE;
/*!40000 ALTER TABLE `status` DISABLE KEYS */;
INSERT INTO `status` VALUES (1,'ACCEPTAT','status1.png'),(4,'CADUCAT/REBUTJAT','status4.png');
/*!40000 ALTER TABLE `status` ENABLE KEYS */;
UNLOCK TABLES;

--
-- Table structure for table `user`
--

DROP TABLE IF EXISTS `user`;
/*!40101 SET @saved_cs_client     = @@character_set_client */;
/*!40101 SET character_set_client = utf8 */;
CREATE TABLE `user` (
  `id` int(11) NOT NULL AUTO_INCREMENT,
  `username` varchar(255) COLLATE utf8mb4_unicode_ci NOT NULL,
  `email` varchar(255) COLLATE utf8mb4_unicode_ci NOT NULL,
  `roles` longtext COLLATE utf8mb4_unicode_ci NOT NULL COMMENT '(DC2Type:json_array)',
  `name` varchar(255) COLLATE utf8mb4_unicode_ci NOT NULL,
  `surname` varchar(255) COLLATE utf8mb4_unicode_ci NOT NULL,
  `active` varchar(10) COLLATE utf8mb4_unicode_ci NOT NULL,
  `password` varchar(255) COLLATE utf8mb4_unicode_ci DEFAULT NULL,
  `last_activity_at` datetime DEFAULT NULL,
  `grant_date` date DEFAULT NULL,
  `withdraw_date` date DEFAULT NULL,
  PRIMARY KEY (`id`),
  UNIQUE KEY `UNIQ_8D93D649F85E0677` (`username`)
) ENGINE=InnoDB AUTO_INCREMENT=8 DEFAULT CHARSET=utf8mb4 COLLATE=utf8mb4_unicode_ci;
/*!40101 SET character_set_client = @saved_cs_client */;

--
-- Dumping data for table `user`
--

LOCK TABLES `user` WRITE;
/*!40000 ALTER TABLE `user` DISABLE KEYS */;
INSERT INTO `user` VALUES (1,'jordi.rodriguez-vila','jordi.rodriguez-vila@upc.edu','[\"ROLE_SUPER_ADMIN\"]','Jordi','Rodriguez','yes',NULL,'2021-09-21 17:37:50',NULL,NULL),(2,'pau.cabanyol','pau.cabanyol@upc.edu','[\"ROLE_ADMIN\"]','Pau','Cabanyol','yes',NULL,'2021-09-21 17:36:32',NULL,NULL),(3,'jesus.galceran','jesus.galceran@upc.edu','[\"ROLE_READER\"]','Jesus2','Galceran','no',NULL,NULL,'2019-08-28',NULL),(4,'consergeria','jordi.rodriguez-vila@upc.eduu','[\"ROLE_ADMIN\"]','consergeria','consergeria','yes',NULL,'2021-09-21 17:36:40','2019-08-29',NULL),(5,'sad','hh@g.k','[\"ROLE_ADMIN_CENS\"]','ad','dr','yes',NULL,NULL,NULL,NULL),(6,'josep.ramon.benet','josep.ramon.benet@upc.edu','[\"ROLE_SUPER_ADMIN\"]','Josep','Ramon','yes',NULL,'2021-03-05 10:46:26',NULL,NULL),(7,'ana.maria.guitart','ana.maria.guitart@upc.edu','[\"ROLE_SUPER_ADMIN\"]','Ana','Guitart','yes','null',NULL,'2021-09-23',NULL);
/*!40000 ALTER TABLE `user` ENABLE KEYS */;
UNLOCK TABLES;
/*!40103 SET TIME_ZONE=@OLD_TIME_ZONE */;

/*!40101 SET SQL_MODE=@OLD_SQL_MODE */;
/*!40014 SET FOREIGN_KEY_CHECKS=@OLD_FOREIGN_KEY_CHECKS */;
/*!40014 SET UNIQUE_CHECKS=@OLD_UNIQUE_CHECKS */;
/*!40101 SET CHARACTER_SET_CLIENT=@OLD_CHARACTER_SET_CLIENT */;
/*!40101 SET CHARACTER_SET_RESULTS=@OLD_CHARACTER_SET_RESULTS */;
/*!40101 SET COLLATION_CONNECTION=@OLD_COLLATION_CONNECTION */;
/*!40111 SET SQL_NOTES=@OLD_SQL_NOTES */;

-- Dump completed on 2021-09-23 16:27:33
